{
  "q_table": {
    "(1, 0, 0)": {
      "0": -37.49047347799885,
      "1": -42.77242421844809,
      "2": -123.80471498406585,
      "3": -49.3621360362021,
      "4": -37.320295871500264,
      "5": -119.3787001422703,
      "6": -37.60292212892457,
      "7": -32.76069592940259,
      "8": -32.732923263139796,
      "9": -32.73815860595758
    },
    "(1, 1, 0)": {
      "0": -18.611417135221846,
      "1": -18.887563433330648,
      "2": -21.993956481569843,
      "3": -20.560957046118848,
      "4": -20.506132080930985,
      "5": -19.980747103316837,
      "6": -16.72883742401023,
      "7": -19.247313544018553,
      "8": -16.717415422253083,
      "9": -22.18156817439409
    },
    "(1, 2, 0)": {
      "0": -12.850184483058136,
      "1": -11.271284996749895,
      "2": -21.516100738968245,
      "3": -15.781149712754004,
      "4": -11.26821557992836,
      "5": -16.379326247874676,
      "6": -11.27913214496905,
      "7": -11.25488588373387,
      "8": -16.341758412572098,
      "9": -11.305785095199242
    },
    "(0, 1, 0)": {
      "0": 0.0,
      "1": 0.0,
      "2": -7.119807855955376,
      "3": 0.0,
      "4": 0.0,
      "5": 0.0,
      "6": 0.0,
      "7": 0.0,
      "8": 0.0,
      "9": 0.0
    },
    "(1, 3, 0)": {
      "0": -6.207627099826208,
      "1": 0.0,
      "2": 0.0,
      "3": -5.700402859430061,
      "4": 0.0,
      "5": 0.0,
      "6": -5.682082959574777,
      "7": 0.0,
      "8": -5.703550247450844,
      "9": 0.0
    },
    "(2, 3, 0)": {
      "0": -72.1563789755924,
      "1": -66.285511392403,
      "2": -70.79971525378075,
      "3": -78.55813146285905,
      "4": -70.85211411390944,
      "5": -71.76413515760635,
      "6": -72.64976809693151,
      "7": -74.2992806413493,
      "8": -77.39557468054484,
      "9": -72.61132354361787
    },
    "(2, 2, 0)": {
      "0": -5.716005089402746,
      "1": -11.406918410839058,
      "2": -10.856218823200944,
      "3": -8.949259960440331,
      "4": -5.70772250384364,
      "5": -5.728740087398595,
      "6": -5.710306545689446,
      "7": -5.73750612312655,
      "8": -5.710306545689446,
      "9": -5.705496999580851
    },
    "(2, 4, 0)": {
      "0": -12.518774257929032,
      "1": -5.80723055261563,
      "2": -5.780620919446355,
      "3": -5.789466429833914,
      "4": 0.0,
      "5": 0.0,
      "6": 0.0,
      "7": -6.875649983552837,
      "8": 0.0,
      "9": 0.0
    },
    "(3, 4, 0)": {
      "0": 0.0,
      "1": 0.0,
      "2": 0.0,
      "3": 0.0,
      "4": 0.0,
      "5": 0.0,
      "6": -5.804444410553234,
      "7": 0.0,
      "8": 0.0,
      "9": 0.0
    },
    "(3, 3, 0)": {
      "0": -6.311702049484739,
      "1": -5.7783799950489,
      "2": -5.766248124631265,
      "3": 0.0,
      "4": 0.0,
      "5": -12.385166888847667,
      "6": -12.276580693716795,
      "7": -12.165854664978806,
      "8": -5.7783799950489,
      "9": -5.78578470991659
    },
    "(3, 2, 0)": {
      "0": -11.962483729043388,
      "1": -11.470511604911538,
      "2": -11.486354659727706,
      "3": -10.932659506477155,
      "4": -10.941066283096882,
      "5": -11.48970321416069,
      "6": -11.511147033776417,
      "7": -5.759226782953189,
      "8": -10.926621265731598,
      "9": -11.498578257332746
    },
    "(2, 1, 0)": {
      "0": -11.388495929943181,
      "1": -11.372711612843396,
      "2": -21.01011894918024,
      "3": -23.035391733577836,
      "4": -11.393080148256566,
      "5": -11.383663518444934,
      "6": -16.496247996578436,
      "7": -11.38309821209834,
      "8": -11.387463437646653,
      "9": -11.381502388860032
    },
    "(3, 1, 0)": {
      "0": -22.856257477318927,
      "1": -27.44918778356879,
      "2": -27.438150046311755,
      "3": -25.267161799774115,
      "4": -28.280867348822994,
      "5": -25.929190319346933,
      "6": -26.86395719481565,
      "7": -25.869004444630036,
      "8": -22.84644686688503,
      "9": -22.779477758904264
    },
    "(3, 0, 0)": {
      "0": 0.0,
      "1": 0.0,
      "2": 0.0,
      "3": 0.0,
      "4": 0.0,
      "5": -7.770377071680864,
      "6": 0.0,
      "7": 0.0,
      "8": 0.0,
      "9": 0.0
    },
    "(2, 0, 0)": {
      "0": 0.0,
      "1": 0.0,
      "2": 0.0,
      "3": 0.0,
      "4": 0.0,
      "5": 0.0,
      "6": 0.0,
      "7": 0.0,
      "8": 0.0,
      "9": 0.0
    },
    "(1, 0, 1)": {
      "0": -18.224005822071643,
      "1": -52.03117057807706,
      "2": 0.0,
      "3": -65.33368174072137,
      "4": 0.0,
      "5": 0.0,
      "6": 0.0,
      "7": 0.0,
      "8": 0.0,
      "9": 0.0
    },
    "(0, 0, 1)": {
      "0": 0.0,
      "1": 0.0,
      "2": 0.0,
      "3": 0.0,
      "4": 0.0,
      "5": 0.0,
      "6": 0.0,
      "7": 0.0,
      "8": 0.0,
      "9": 0.0
    }
  },
  "epsilon": 0.2810744078639411,
  "step_count": 519,
  "episode_count": 13
}