{
  "q_table": {
    "(0, 0, 0)": {
      "0": -15.155469946536726,
      "1": -15.076708058773065,
      "2": -10.702789591755451,
      "3": -10.222930084358207,
      "4": -10.257476277076197,
      "5": -10.756042282055894,
      "6": -10.763616710227002,
      "7": -10.773910549405425,
      "8": -18.572440133763365,
      "9": -14.56112465718246
    },
    "(1, 0, 0)": {
      "0": -5.441350547060068,
      "1": -95.3312825308735,
      "2": -5.493371678550426,
      "3": -10.395244119987996,
      "4": -5.423171582259215,
      "5": -27.156447328877224,
      "6": -10.360329197798544,
      "7": -23.028291780552458,
      "8": -64.301338008578,
      "9": -32.49647871418843
    },
    "(0, 1, 0)": {
      "0": -23.219731311465623,
      "1": -5.485988995578052,
      "2": -5.429296932852684,
      "3": -5.429296932852684,
      "4": -5.456447552929899,
      "5": 0.0,
      "6": -27.359098464204592,
      "7": -28.708356173065603,
      "8": -18.224005822071643,
      "9": -18.15623195190173
    },
    "(1, 1, 0)": {
      "0": -16.122558429604567,
      "1": -16.533541106814376,
      "2": -11.150053956721475,
      "3": -16.624019180528368,
      "4": -16.701150551527974,
      "5": -58.927117138319765,
      "6": -35.765507784510234,
      "7": -81.43657213248498,
      "8": -148.45188837801317,
      "9": -72.16555678277282
    },
    "(1, 2, 0)": {
      "0": 0.0,
      "1": 0.0,
      "2": -5.607927636596824,
      "3": -10.718441108702187,
      "4": -5.687569328820435,
      "5": 0.0,
      "6": -5.623517617376246,
      "7": 0.0,
      "8": 0.0,
      "9": 0.0
    },
    "(1, 3, 0)": {
      "0": 0.0,
      "1": -5.703550247450844,
      "2": -5.719413266347755,
      "3": -10.823824990451433,
      "4": 0.0,
      "5": 0.0,
      "6": -5.703550247450844,
      "7": 0.0,
      "8": -5.692571075682533,
      "9": -5.716520789630732
    },
    "(2, 3, 0)": {
      "0": -54.712599484060924,
      "1": -50.34141051963467,
      "2": -50.41267699850724,
      "3": -52.648850184081326,
      "4": -55.931175184139214,
      "5": -51.3114402746665,
      "6": -50.90353303925565,
      "7": -52.1391748450507,
      "8": -51.410549908021665,
      "9": -54.386085333509676
    },
    "(2, 2, 0)": {
      "0": -11.413411458681924,
      "1": -15.478563800123059,
      "2": -21.060217711724324,
      "3": -17.055202474878023,
      "4": -11.413261558894288,
      "5": -22.12557246128124,
      "6": -11.417036212633748,
      "7": -16.55684099972448,
      "8": -16.46927738744128,
      "9": -21.667537645197044
    },
    "(2, 1, 0)": {
      "0": -15.89063679642158,
      "1": -10.80995351695615,
      "2": -10.78188003491364,
      "3": -11.320171248682511,
      "4": -5.7123756156409575,
      "5": -5.718597118237196,
      "6": -11.337897027986124,
      "7": -10.805149460748087,
      "8": -11.381289574838398,
      "9": -5.70974325391602
    },
    "(3, 2, 0)": {
      "0": -10.943769421199093,
      "1": -5.777366606661532,
      "2": -11.476994439930444,
      "3": -5.777366606661532,
      "4": -5.770494484363116,
      "5": -6.853980018180967,
      "6": -5.777366606661532,
      "7": -6.847547555548772,
      "8": -11.469717726187497,
      "9": -11.472079243373681
    },
    "(2, 4, 0)": {
      "0": -10.317977734067787,
      "1": -7.4092947937719735,
      "2": -5.774859044752313,
      "3": -11.001302790774414,
      "4": -6.376412140238948,
      "5": -5.795782281136923,
      "6": -5.782081624525663,
      "7": -7.90114522698525,
      "8": 0.0,
      "9": -5.820420267407146
    },
    "(3, 3, 0)": {
      "0": -5.789253540591144,
      "1": -5.776671260791145,
      "2": -5.7783799950489,
      "3": -5.7783799950489,
      "4": 0.0,
      "5": -10.406692925749528,
      "6": -10.420293667005817,
      "7": -8.87431183809394,
      "8": -5.780329775603112,
      "9": -5.787404210129532
    },
    "(2, 5, 0)": {
      "0": -5.836190137824895,
      "1": -15.791876335221948,
      "2": -11.608302705274735,
      "3": -11.053843066051375,
      "4": -5.8347985921042955,
      "5": -5.8420662542305255,
      "6": -5.845392653571243,
      "7": -11.09791981713423,
      "8": -11.636959141252216,
      "9": -11.07349108899361
    },
    "(3, 4, 0)": {
      "0": -5.82781947689794,
      "1": -11.07117309222655,
      "2": -11.618882285950615,
      "3": -11.052940947329049,
      "4": -11.060109769633373,
      "5": -5.825050957576247,
      "6": -5.8319017551348935,
      "7": -16.27750271606189,
      "8": -5.82781947689794,
      "9": -5.826135563018404
    },
    "(3, 5, 0)": {
      "0": 0.0,
      "1": 0.0,
      "2": 0.0,
      "3": 0.0,
      "4": 0.0,
      "5": 0.0,
      "6": 0.0,
      "7": -6.392326264251793,
      "8": -5.840470393904844,
      "9": 0.0
    },
    "(3, 1, 0)": {
      "0": -20.736082495183666,
      "1": -22.197436231697957,
      "2": -22.823633326057163,
      "3": -22.80545624111458,
      "4": -17.21419004328543,
      "5": -21.748691862218603,
      "6": -22.85352087803921,
      "7": -31.234514943192305,
      "8": -17.21684067146731,
      "9": -22.311240779799096
    },
    "(2, 0, 0)": {
      "0": -21.971622081356244,
      "1": -26.93199154997511,
      "2": -22.435985757672373,
      "3": -22.80565170501934,
      "4": -22.94069624186144,
      "5": -27.952269934817526,
      "6": -22.447218424516976,
      "7": -22.45601367240531,
      "8": -21.910786728989077,
      "9": -21.914533025842964
    },
    "(3, 0, 0)": {
      "0": -5.735729533386977,
      "1": 0.0,
      "2": 0.0,
      "3": -6.272858990710513,
      "4": -5.734387954723457,
      "5": -13.044069460856317,
      "6": -6.249289782864997,
      "7": 0.0,
      "8": -15.552188321722666,
      "9": -5.735729533386977
    }
  },
  "epsilon": 0.2810744078639411,
  "step_count": 519,
  "episode_count": 13
}