{
  "q_table": {
    "(0, 0, 0)": {
      "0": -135.86829344139565,
      "1": -148.676405276485,
      "2": -111.23952322049013,
      "3": -113.97413528667151,
      "4": -97.66645271763775,
      "5": -42.27714630366239,
      "6": -38.37555760204082,
      "7": -105.42374371664128,
      "8": -38.4757878707951,
      "9": -15.409209818738983
    },
    "(1, 0, 0)": {
      "0": -5.482229107326237,
      "1": -5.498691819462948,
      "2": -10.436250703381459,
      "3": 0.0,
      "4": 0.0,
      "5": -5.469432977444147,
      "6": -10.508123290005674,
      "7": -5.929724883658459,
      "8": -5.447106010421002,
      "9": 0.0
    }
  },
  "epsilon": 0.2810744078639411,
  "step_count": 170,
  "episode_count": 13
}