{
  "q_table": {
    "(2, 0, 0)": {
      "0": -94.79760383584536,
      "1": -178.09915415474148,
      "2": -148.62961284801221,
      "3": -90.29858839816859,
      "4": -181.01900663827712,
      "5": -107.34185261898926,
      "6": -179.72603293924806,
      "7": -91.94039567321407,
      "8": -91.10524339747073,
      "9": -154.76368242471193
    },
    "(2, 1, 0)": {
      "0": -45.47320625626978,
      "1": -39.04641218002376,
      "2": -43.20256104634395,
      "3": -35.575813615443245,
      "4": -38.475386970707405,
      "5": -35.4847723315437,
      "6": -37.09397700716902,
      "7": -37.06026932845742,
      "8": -39.24057177286243,
      "9": -37.659577332289786
    },
    "(3, 0, 0)": {
      "0": -17.90826710663331,
      "1": 0.0,
      "2": -34.42234355958412,
      "3": 0.0,
      "4": -5.719593818609098,
      "5": -18.033930388765807,
      "6": 0.0,
      "7": -18.017200389315015,
      "8": 0.0,
      "9": -20.084623417834724
    },
    "(3, 1, 0)": {
      "0": -5.736395673440929,
      "1": -5.751520386322352,
      "2": -5.7462187558414435,
      "3": -5.730116769279686,
      "4": -5.761555116906829,
      "5": -11.464933968627728,
      "6": -5.761555116906829,
      "7": -5.7270979325020965,
      "8": -5.729807216566994,
      "9": 0.0
    },
    "(2, 2, 0)": {
      "0": -27.548561917952014,
      "1": -27.277695094439302,
      "2": -25.696954183589014,
      "3": -27.73904644201893,
      "4": -26.312749827600875,
      "5": -22.77009339875968,
      "6": -27.7976612563562,
      "7": -28.365412064034246,
      "8": -26.903449535731585,
      "9": -28.360763510104004
    },
    "(2, 3, 0)": {
      "0": -17.16992230253358,
      "1": -26.464381294835974,
      "2": -17.059880235826924,
      "3": -17.127049076595625,
      "4": -22.281709850821496,
      "5": -17.168586680022628,
      "6": -21.786176720290403,
      "7": -22.32079811258059,
      "8": -17.154674245741717,
      "9": -16.58101209697155
    },
    "(3, 2, 0)": {
      "0": -11.494611440521894,
      "1": -11.50055424102946,
      "2": -11.48986226074451,
      "3": -16.63377771235602,
      "4": -11.486494048454375,
      "5": -12.020663566298277,
      "6": -11.493647605521701,
      "7": -17.232731332356217,
      "8": -11.5017764944869,
      "9": -11.484910007187061
    },
    "(1, 1, 0)": {
      "0": -15.0480715179988,
      "1": -11.08441332660483,
      "2": -27.500952097972178,
      "3": -13.648462669896091,
      "4": -11.1135741669797,
      "5": -5.588556106809112,
      "6": -5.5732425235878935,
      "7": -15.548008881561818,
      "8": -5.577838632403841,
      "9": -11.057809092534555
    },
    "(1, 0, 0)": {
      "0": -5.54261665264821,
      "1": -10.44479038771173,
      "2": -5.451547620839742,
      "3": -10.489026751047643,
      "4": -5.5306504948775945,
      "5": -5.5676690185533975,
      "6": 0.0,
      "7": -5.54261665264821,
      "8": -10.487396870738081,
      "9": -5.59364757106664
    },
    "(0, 0, 0)": {
      "0": 0.0,
      "1": 0.0,
      "2": 0.0,
      "3": 0.0,
      "4": 0.0,
      "5": 0.0,
      "6": 0.0,
      "7": 0.0,
      "8": 0.0,
      "9": 0.0
    },
    "(0, 1, 0)": {
      "0": 0.0,
      "1": 0.0,
      "2": 0.0,
      "3": 0.0,
      "4": 0.0,
      "5": 0.0,
      "6": 0.0,
      "7": 0.0,
      "8": 0.0,
      "9": 0.0
    }
  },
  "epsilon": 0.2810744078639411,
  "step_count": 519,
  "episode_count": 13
}