{
  "q_table": {
    "(1, 0, 0)": {
      "0": -73.43843517434313,
      "1": -20.957669219858587,
      "2": -124.97783986006557,
      "3": -33.89682817469419,
      "4": -21.87489041783891,
      "5": -58.020990022885954,
      "6": -20.989989403564174,
      "7": -36.388032134378406,
      "8": -51.051665468832915,
      "9": -16.528979456616494
    },
    "(2, 0, 0)": {
      "0": -51.64385115673283,
      "1": -16.275355276720017,
      "2": -61.46771850895104,
      "3": -5.683505840732176,
      "4": -11.72039039150281,
      "5": -80.65234071614691,
      "6": -20.380394349680618,
      "7": -66.64487953419534,
      "8": -91.17849851003733,
      "9": -11.271945127588712
    },
    "(1, 1, 0)": {
      "0": -64.10086774645906,
      "1": -64.68587335890665,
      "2": -66.65146024775429,
      "3": -64.83140076302853,
      "4": -66.83126122955993,
      "5": -70.11478479058911,
      "6": -68.50778257724775,
      "7": -65.69804509187117,
      "8": -69.68928080704545,
      "9": -68.70855394776564
    },
    "(2, 1, 0)": {
      "0": -22.532855523878016,
      "1": -21.849669523721225,
      "2": -22.504735565140265,
      "3": -25.827612866069135,
      "4": -27.011658288473953,
      "5": -26.493873248795452,
      "6": -22.54136450898623,
      "7": -25.999072760506905,
      "8": -21.42758666308267,
      "9": -22.494528872205898
    },
    "(2, 2, 0)": {
      "0": -14.287240585312237,
      "1": 0.0,
      "2": 0.0,
      "3": 0.0,
      "4": 0.0,
      "5": 0.0,
      "6": -5.687935540954427,
      "7": 0.0,
      "8": 0.0,
      "9": 0.0
    },
    "(1, 2, 0)": {
      "0": 0.0,
      "1": 0.0,
      "2": 0.0,
      "3": 0.0,
      "4": 0.0,
      "5": -5.636184792195678,
      "6": 0.0,
      "7": -7.1966739511533975,
      "8": 0.0,
      "9": 0.0
    },
    "(0, 1, 0)": {
      "0": -10.986906095112571,
      "1": -14.536897775334907,
      "2": -16.34308417399887,
      "3": -15.362712546184792,
      "4": -16.33527445939583,
      "5": -10.996101743085138,
      "6": -10.962446079453425,
      "7": -11.009535449322222,
      "8": -10.962928357491627,
      "9": -10.910149112834453
    },
    "(0, 2, 0)": {
      "0": -16.710269761233594,
      "1": -16.72265374504975,
      "2": -16.579143343637547,
      "3": -15.619454248818101,
      "4": -20.560375536602447,
      "5": -21.65133756710065,
      "6": -21.156011733442384,
      "7": -16.651845909568248,
      "8": -11.200051648607268,
      "9": -16.105916771631584
    },
    "(0, 3, 0)": {
      "0": -12.725111093818695,
      "1": -12.466837984681277,
      "2": -12.401024295446717,
      "3": -11.257669809415184,
      "4": -16.416384540911714,
      "5": -11.250209213258849,
      "6": -11.250209213258849,
      "7": -16.505036504423153,
      "8": -11.250209213258849,
      "9": -11.36270211261007
    },
    "(1, 3, 0)": {
      "0": -22.628140712693252,
      "1": -17.04453817375652,
      "2": -17.053627523847897,
      "3": -22.06312885652698,
      "4": -20.55124687904717,
      "5": -21.536845737031413,
      "6": -25.57575741994916,
      "7": -21.665022185585634,
      "8": -17.056654553332177,
      "9": -32.94331796585981
    },
    "(1, 4, 0)": {
      "0": -12.034794247640335,
      "1": -6.29662906251549,
      "2": -16.20743023683098,
      "3": -10.974035323694647,
      "4": -11.506471241005947,
      "5": -11.500984510429092,
      "6": -16.64928286577379,
      "7": -11.51458675687338,
      "8": -11.483981027962056,
      "9": -11.50030898055769
    },
    "(2, 5, 0)": {
      "0": -11.053975215746597,
      "1": -5.822111191240353,
      "2": 0.0,
      "3": -5.813321939266124,
      "4": 0.0,
      "5": 0.0,
      "6": -5.828332532869922,
      "7": -5.81206771742109,
      "8": -11.072156138018435,
      "9": -5.824464293655493
    },
    "(2, 4, 0)": {
      "0": -5.794237004553034,
      "1": 0.0,
      "2": 0.0,
      "3": 0.0,
      "4": 0.0,
      "5": -5.797277082711306,
      "6": 0.0,
      "7": -6.327562144032506,
      "8": 0.0,
      "9": 0.0
    },
    "(1, 5, 0)": {
      "0": 0.0,
      "1": 0.0,
      "2": 0.0,
      "3": -5.805120517702907,
      "4": 0.0,
      "5": 0.0,
      "6": 0.0,
      "7": 0.0,
      "8": -5.806708552571057,
      "9": 0.0
    },
    "(3, 0, 0)": {
      "0": 0.0,
      "1": 0.0,
      "2": 0.0,
      "3": 0.0,
      "4": 0.0,
      "5": 0.0,
      "6": 0.0,
      "7": 0.0,
      "8": 0.0,
      "9": 0.0
    }
  },
  "epsilon": 0.2810744078639411,
  "step_count": 519,
  "episode_count": 13
}