{
  "q_table": {
    "(1, 0, 0)": {
      "0": -37.49047347799885,
      "1": -42.77242421844809,
      "2": -181.97629313418267,
      "3": -49.3621360362021,
      "4": -37.320295871500264,
      "5": -182.01861200960786,
      "6": -56.46607492260152,
      "7": -32.76069592940259,
      "8": -32.732923263139796,
      "9": -32.73815860595758
    },
    "(1, 1, 0)": {
      "0": -18.611417135221846,
      "1": -18.887563433330648,
      "2": -21.993956481569843,
      "3": -20.560957046118848,
      "4": -20.506132080930985,
      "5": -19.980747103316837,
      "6": -16.72883742401023,
      "7": -19.247313544018553,
      "8": -16.717415422253083,
      "9": -22.18156817439409
    },
    "(1, 2, 0)": {
      "0": -12.850184483058136,
      "1": -11.271284996749895,
      "2": -21.516100738968245,
      "3": -15.781149712754004,
      "4": -11.26821557992836,
      "5": -16.379326247874676,
      "6": -11.27913214496905,
      "7": -11.25488588373387,
      "8": -16.341758412572098,
      "9": -11.305785095199242
    },
    "(0, 1, 0)": {
      "0": -216.26106570396038,
      "1": -145.24627023323004,
      "2": -162.69911310414398,
      "3": -169.3606029281735,
      "4": -147.5329887470753,
      "5": -193.92737848083394,
      "6": -183.01746917014512,
      "7": -160.99693324790766,
      "8": -187.50482134368994,
      "9": -66.69266247766534
    },
    "(1, 3, 0)": {
      "0": -6.207627099826208,
      "1": 0.0,
      "2": 0.0,
      "3": -5.700402859430061,
      "4": 0.0,
      "5": 0.0,
      "6": -5.682082959574777,
      "7": 0.0,
      "8": -5.703550247450844,
      "9": 0.0
    },
    "(2, 3, 0)": {
      "0": -72.1563789755924,
      "1": -66.285511392403,
      "2": -70.79971525378075,
      "3": -78.55813146285905,
      "4": -70.85211411390944,
      "5": -71.76413515760635,
      "6": -72.64976809693151,
      "7": -74.2992806413493,
      "8": -77.39557468054484,
      "9": -72.61132354361787
    },
    "(2, 2, 0)": {
      "0": -5.716005089402746,
      "1": -11.406918410839058,
      "2": -10.856218823200944,
      "3": -8.949259960440331,
      "4": -5.70772250384364,
      "5": -5.728740087398595,
      "6": -5.710306545689446,
      "7": -5.73750612312655,
      "8": -5.710306545689446,
      "9": -5.705496999580851
    },
    "(2, 4, 0)": {
      "0": -12.518774257929032,
      "1": -5.80723055261563,
      "2": -5.780620919446355,
      "3": -5.789466429833914,
      "4": 0.0,
      "5": 0.0,
      "6": 0.0,
      "7": -6.875649983552837,
      "8": 0.0,
      "9": 0.0
    },
    "(3, 4, 0)": {
      "0": 0.0,
      "1": 0.0,
      "2": 0.0,
      "3": 0.0,
      "4": 0.0,
      "5": 0.0,
      "6": -5.804444410553234,
      "7": 0.0,
      "8": 0.0,
      "9": 0.0
    },
    "(3, 3, 0)": {
      "0": -6.311702049484739,
      "1": -5.7783799950489,
      "2": -5.766248124631265,
      "3": 0.0,
      "4": 0.0,
      "5": -12.385166888847667,
      "6": -12.276580693716795,
      "7": -12.165854664978806,
      "8": -5.7783799950489,
      "9": -5.78578470991659
    },
    "(3, 2, 0)": {
      "0": -11.962483729043388,
      "1": -11.470511604911538,
      "2": -11.486354659727706,
      "3": -10.932659506477155,
      "4": -10.941066283096882,
      "5": -11.48970321416069,
      "6": -11.511147033776417,
      "7": -5.759226782953189,
      "8": -10.926621265731598,
      "9": -11.498578257332746
    },
    "(2, 1, 0)": {
      "0": -11.388495929943181,
      "1": -11.372711612843396,
      "2": -21.01011894918024,
      "3": -23.035391733577836,
      "4": -11.393080148256566,
      "5": -11.383663518444934,
      "6": -16.496247996578436,
      "7": -11.38309821209834,
      "8": -11.387463437646653,
      "9": -11.381502388860032
    },
    "(3, 1, 0)": {
      "0": -22.856257477318927,
      "1": -27.44918778356879,
      "2": -27.438150046311755,
      "3": -25.267161799774115,
      "4": -28.280867348822994,
      "5": -25.929190319346933,
      "6": -26.86395719481565,
      "7": -25.869004444630036,
      "8": -22.84644686688503,
      "9": -22.779477758904264
    },
    "(3, 0, 0)": {
      "0": 0.0,
      "1": 0.0,
      "2": 0.0,
      "3": 0.0,
      "4": 0.0,
      "5": -7.770377071680864,
      "6": 0.0,
      "7": 0.0,
      "8": 0.0,
      "9": 0.0
    },
    "(2, 0, 0)": {
      "0": 0.0,
      "1": 0.0,
      "2": 0.0,
      "3": 0.0,
      "4": 0.0,
      "5": 0.0,
      "6": 0.0,
      "7": 0.0,
      "8": 0.0,
      "9": 0.0
    },
    "(1, 0, 1)": {
      "0": -81.5188344340511,
      "1": -142.3653010121042,
      "2": -40.44232125161949,
      "3": -152.20330058846986,
      "4": 0.0,
      "5": -83.61599534783035,
      "6": -85.06643048467701,
      "7": -40.806566466618534,
      "8": 0.0,
      "9": 0.0
    },
    "(0, 0, 1)": {
      "0": -20.348359936649157,
      "1": 0.0,
      "2": 0.0,
      "3": -20.397056748918224,
      "4": 0.0,
      "5": 0.0,
      "6": 0.0,
      "7": 0.0,
      "8": 0.0,
      "9": 0.0
    },
    "(1, 1, 1)": {
      "0": -39.983350909800805,
      "1": -41.86406800067364,
      "2": -40.20641395599921,
      "3": -41.350012609338314,
      "4": 0.0,
      "5": -21.63063220837511,
      "6": -20.321589229148934,
      "7": -21.80083414590966,
      "8": -21.67569063592435,
      "9": 0.0
    },
    "(2, 1, 1)": {
      "0": 0.0,
      "1": 0.0,
      "2": 0.0,
      "3": 0.0,
      "4": 0.0,
      "5": 0.0,
      "6": 0.0,
      "7": 0.0,
      "8": 0.0,
      "9": 0.0
    },
    "(1, 2, 1)": {
      "0": -21.794554605683135,
      "1": -21.73217401412093,
      "2": 0.0,
      "3": -21.51446788438519,
      "4": -21.73708759191186,
      "5": -41.0406823246519,
      "6": 0.0,
      "7": 0.0,
      "8": 0.0,
      "9": 0.0
    },
    "(0, 1, 1)": {
      "0": 0.0,
      "1": 0.0,
      "2": 0.0,
      "3": 0.0,
      "4": 0.0,
      "5": 0.0,
      "6": 0.0,
      "7": 0.0,
      "8": 0.0,
      "9": 0.0
    },
    "(0, 2, 1)": {
      "0": 0.0,
      "1": 0.0,
      "2": 0.0,
      "3": 0.0,
      "4": 0.0,
      "5": -21.925253217698195,
      "6": -21.83499351274174,
      "7": 0.0,
      "8": 0.0,
      "9": 0.0
    },
    "(0, 3, 1)": {
      "0": 0.0,
      "1": -21.858415103906218,
      "2": -21.89564767236487,
      "3": 0.0,
      "4": 0.0,
      "5": 0.0,
      "6": 0.0,
      "7": 0.0,
      "8": 0.0,
      "9": 0.0
    },
    "(0, 3, 0)": {
      "0": -41.37115128086573,
      "1": -42.49140898542025,
      "2": -60.2392954700407,
      "3": -60.4397057711518,
      "4": -21.910484917501634,
      "5": -22.352576254353053,
      "6": 0.0,
      "7": -60.574149515498405,
      "8": 0.0,
      "9": 0.0
    },
    "(0, 2, 0)": {
      "0": -41.479734993149464,
      "1": -22.283837065973838,
      "2": -42.300424887722684,
      "3": 0.0,
      "4": 0.0,
      "5": 0.0,
      "6": -22.259406491609212,
      "7": -22.173073080262046,
      "8": -22.12580802345161,
      "9": 0.0
    },
    "(0, 0, 0)": {
      "0": -42.29435488903103,
      "1": -22.043439002018374,
      "2": 0.0,
      "3": -48.46892339136813,
      "4": 0.0,
      "5": 0.0,
      "6": -22.18116659615945,
      "7": -22.081714305850795,
      "8": 0.0,
      "9": 0.0
    },
    "(0, 4, 0)": {
      "0": 0.0,
      "1": 0.0,
      "2": -22.157213278235385,
      "3": -22.00794983136126,
      "4": 0.0,
      "5": 0.0,
      "6": -60.51166704199605,
      "7": 0.0,
      "8": -22.17206372632995,
      "9": 0.0
    },
    "(0, 5, 0)": {
      "0": -60.51557712114791,
      "1": -22.258803146617865,
      "2": -42.50560850265555,
      "3": -22.28578352079012,
      "4": 0.0,
      "5": -42.51657395239138,
      "6": -60.41704189199996,
      "7": -22.369977011712532,
      "8": 0.0,
      "9": -22.442725011660443
    },
    "(0, 6, 0)": {
      "0": -42.846104288080724,
      "1": -42.75889313637932,
      "2": -22.50713690359262,
      "3": 0.0,
      "4": 0.0,
      "5": -42.62651393392828,
      "6": -22.327615256137722,
      "7": -22.39623920852828,